"","AUC"
"JURECZKO-ant-1.5.csv",0.788
"JURECZKO-ant-1.6.csv",0.839
"JURECZKO-ant-1.7.csv",0.831
"JURECZKO-camel-1.4.csv",0.681
"JURECZKO-camel-1.6.csv",0.62
"JURECZKO-ivy-2.0.csv",0.821
"JURECZKO-jedit-4.1.csv",0.805
"JURECZKO-jedit-4.2.csv",0.83
"JURECZKO-jedit-4.3.csv",0.622
"JURECZKO-log4j-1.2.csv",0.491
"JURECZKO-lucene-2.4.csv",0.668
"JURECZKO-poi-2.5.csv",0.697
"JURECZKO-poi-3.0.csv",0.785
"JURECZKO-synapse-1.2.csv",0.76
"JURECZKO-velocity-1.6.csv",0.694
"JURECZKO-xerces-1.3.csv",0.753
"JURECZKO-xerces-1.4.csv",0.755
